DepMap_ID,cell_line_name,stripped_cell_line_name,CCLE_Name,cosmic_id
ACH-000032,MHH-CALL-3,MHHCALL3,MHHCALL3_HAEMATOPOIETIC_AND_LYMPHOID_TISSUE,0
ACH-000051,TE 617.T,TE617T,TE617T_SOFT_TISSUE,0
ACH-000071,,HS706T,HS706T_BONE,0
ACH-000076,NCO2,NCO2,NCO2_HAEMATOPOIETIC_AND_LYMPHOID_TISSUE,0
ACH-000077,MJ,MJ,MJ_HAEMATOPOIETIC_AND_LYMPHOID_TISSUE,0
ACH-000089,NCI-H684,NCIH684,NCIH684_LARGE_INTESTINE,0
ACH-000093,Panc 05.04,PANC0504,PANC0504_PANCREAS,0
ACH-000110,NCC-StC-K140,NCCSTCK140,NCCSTCK140_STOMACH,0
ACH-000122,SUP-T11,SUPT11,SUPT11_HAEMATOPOIETIC_AND_LYMPHOID_TISSUE,0
ACH-000125,TO 175.T,TO175T,TO175T_FIBROBLAST,0
ACH-000130,NALM-19,NALM19,NALM19_HAEMATOPOIETIC_AND_LYMPHOID_TISSUE,0
ACH-000140,Pfeiffer,PFEIFFER,PFEIFFER_HAEMATOPOIETIC_AND_LYMPHOID_TISSUE,0
ACH-000154,HS888T,HS888T,HS888T_FIBROBLAST,0
ACH-000158,OCI-LY3,OCILY3,OCILY3_HAEMATOPOIETIC_AND_LYMPHOID_TISSUE,0
ACH-000165,,HS751T,HS751T_FIBROBLAST,0
ACH-000166,Kasumi-6,KASUMI6,KASUMI6_HAEMATOPOIETIC_AND_LYMPHOID_TISSUE,0
ACH-000173,JHUEM-3,JHUEM3,JHUEM3_ENDOMETRIUM,0
ACH-000179,NCI-H1618,NCIH1618,NCIH1618_LUNG,0
ACH-000180,Hs 839.T,HS839T,HS839T_FIBROBLAST,0
ACH-000194,Hs 934.T,HS934T,HS934T_FIBROBLAST,0
ACH-000205,PK-59,PK59,PK59_PANCREAS,0
ACH-000220,Mino,MINO,MINO_HAEMATOPOIETIC_AND_LYMPHOID_TISSUE,0
ACH-000239,HuG1-N,HUG1N,HUG1N_STOMACH,0
ACH-000241,JK-1,JK1,JK1_HAEMATOPOIETIC_AND_LYMPHOID_TISSUE,0
ACH-000285,Toledo,TOLEDO,TOLEDO_HAEMATOPOIETIC_AND_LYMPHOID_TISSUE,0
ACH-000288,BT-549,BT549,BT549_BREAST,905951
ACH-000297,NCI-H889,NCIH889,NCIH889_LUNG,0
ACH-000313,KMRC-3,KMRC3,KMRC3_KIDNEY,0
ACH-000321,MOLM-6,MOLM6,MOLM6_HAEMATOPOIETIC_AND_LYMPHOID_TISSUE,0
ACH-000325,SNU-620,SNU620,SNU620_STOMACH,0
ACH-000333,JHOM-2B,JHOM2B,JHOM2B_OVARY,0
ACH-000340,Hs 870.T,HS870T,HS870T_FIBROBLAST,0
ACH-000388,NU-DHL-1,NUDHL1,NUDHL1_HAEMATOPOIETIC_AND_LYMPHOID_TISSUE,0
ACH-000398,RI-1,RI1,RI1_HAEMATOPOIETIC_AND_LYMPHOID_TISSUE,0
ACH-000418,SW 1353,SW1353,SW1353_BONE,0
ACH-000419,KMS-28BM,KMS28BM,KMS28BM_HAEMATOPOIETIC_AND_LYMPHOID_TISSUE,0
ACH-000453,MOLP-2,MOLP2,MOLP2_HAEMATOPOIETIC_AND_LYMPHOID_TISSUE,0
ACH-000462,NALM-1,NALM1,NALM1_HAEMATOPOIETIC_AND_LYMPHOID_TISSUE,0
ACH-000467,HCC-56,HCC56,HCC56_LARGE_INTESTINE,0
ACH-000513,SNU-1272,SNU1272,SNU1272_KIDNEY,0
ACH-000523,NCI-H1184,NCIH1184,NCIH1184_LUNG,0
ACH-000526,Hs 821.T,HS821T,HS821T_FIBROBLAST,0
ACH-000529,T1-73,T173,T173_FIBROBLAST,0
ACH-000553,Sq-1,SQ1,SQ1_LUNG,0
ACH-000564,KHM-1B,KHM1B,KHM1B_HAEMATOPOIETIC_AND_LYMPHOID_TISSUE,0
ACH-000598,KMS-21BM,KMS21BM,KMS21BM_HAEMATOPOIETIC_AND_LYMPHOID_TISSUE,0
ACH-000602,M-07e,M07E,M07E_HAEMATOPOIETIC_AND_LYMPHOID_TISSUE,0
ACH-000612,,HUT102,HUT102_HAEMATOPOIETIC_AND_LYMPHOID_TISSUE,0
ACH-000635,SNU-119,SNU119,SNU119_OVARY,0
ACH-000645,JL-1,JL1,JL1_PLEURA,0
ACH-000685,L3.3,L33,L33_PANCREAS,0
ACH-000709,KMRC-2,KMRC2,KMRC2_KIDNEY,0
ACH-000710,NCI-H854,NCIH854,NCIH854_LUNG,0
ACH-000723,YD-10B,YD10B,YD10B_UPPER_AERODIGESTIVE_TRACT,0
ACH-000726,TE-14,TE14,TE14_OESOPHAGUS,0
ACH-000728,KASUMI-2,KASUMI2,KASUMI2_HAEMATOPOIETIC_AND_LYMPHOID_TISSUE,0
ACH-000741,U-BLC1,UBLC1,UBLC1_URINARY_TRACT,0
ACH-000761,NUGC-2,NUGC2,NUGC2_STOMACH,0
ACH-000797,HLF-a,HLFA,HLFA_FIBROBLAST,0
ACH-000801,Hs 936.T,HS936T,HS936T_SKIN,0
ACH-000808,HuH28,HUH28,HUH28_BILIARY_TRACT,0
ACH-000813,T3M-10,T3M10,T3M10_LUNG,0
ACH-000837,NCI-H322,NCIH322,NCIH322_LUNG,0
ACH-000845,NCI-H1373,NCIH1373,NCIH1373_LUNG,0
ACH-000850,Hs 698.T,HS698T,HS698T_FIBROBLAST,0
ACH-000870,NCI-H1930,NCIH1930,NCIH1930_LUNG,0
ACH-000899,WM-88,WM88,WM88_SKIN,0
ACH-000904,NCI-H2106,NCIH2106,NCIH2106_LUNG,0
ACH-000908,SNU-520,SNU520,SNU520_STOMACH,0
ACH-000909,JHUEM-2,JHUEM2,JHUEM2_ENDOMETRIUM,0
ACH-000952,MDA PCa 2b,MDAPCA2B,MDAPCA2B_PROSTATE,0
ACH-000001,NIH:OVCAR-3,NIHOVCAR3,NIHOVCAR3_OVARY,0
ACH-000002,HL-60,HL60,HL60_HAEMATOPOIETIC_AND_LYMPHOID_TISSUE,905938
ACH-000004,HEL,HEL,HEL_HAEMATOPOIETIC_AND_LYMPHOID_TISSUE,907053
ACH-000005,HEL 92.1.7,HEL9217,HEL9217_HAEMATOPOIETIC_AND_LYMPHOID_TISSUE,0
ACH-000006,MONO-MAC-6,MONOMAC6,MONOMAC6_HAEMATOPOIETIC_AND_LYMPHOID_TISSUE,908148
ACH-000007,LS513,LS513,LS513_LARGE_INTESTINE,907795
ACH-000008,A101D,A101D,A101D_SKIN,910921
ACH-000009,C2BBe1,C2BBE1,C2BBE1_LARGE_INTESTINE,910700
ACH-000011,253J,253J,253J_URINARY_TRACT,0
ACH-000012,HCC827,HCC827,HCC827_LUNG,1240146
ACH-000013,ONCO-DG-1,ONCODG1,ONCODG1_OVARY,0
ACH-000014,Hs 294T,HS294T,HS294T_SKIN,0
ACH-000017,SK-BR-3,SKBR3,SKBR3_BREAST,0
ACH-000018,T24,T24,T24_URINARY_TRACT,724812
ACH-000019,MCF7,MCF7,MCF7_BREAST,905946
ACH-000020,MHH-CALL-2,MHHCALL2,MHHCALL2_HAEMATOPOIETIC_AND_LYMPHOID_TISSUE,908132
ACH-000022,PA-TU-8988S,PATU8988S,PATU8988S_PANCREAS,0
ACH-000023,PA-TU-8988T,PATU8988T,PATU8988T_PANCREAS,1240201
ACH-000027,GOS-3,GOS3,GOS3_CENTRAL_NERVOUS_SYSTEM,0
ACH-000028,KPL-1,KPL1,KPL1_BREAST,0
ACH-000031,Panc 02.13,PANC0213,PANC0213_PANCREAS,0
ACH-000035,NCI-H1650,NCIH1650,NCIH1650_LUNG,687800
ACH-000037,S-117,S117,S117_THYROID,0
ACH-000038,EHEB,EHEB,EHEB_HAEMATOPOIETIC_AND_LYMPHOID_TISSUE,906854
ACH-000039,SK-N-MC,SKNMC,SKNMC_BONE,0
ACH-000040,U-118 MG,U118MG,U118MG_CENTRAL_NERVOUS_SYSTEM,687588
ACH-000041,RD-ES,RDES,RDES_BONE,0
ACH-000042,Panc 02.03,PANC0203,PANC0203_PANCREAS,1298475
ACH-000044,MDA-MB-134-VI,MDAMB134VI,MDAMB134VI_BREAST,0
ACH-000046,ACHN,ACHN,ACHN_KIDNEY,905950
ACH-000048,TOV-112D,TOV112D,TOV112D_OVARY,1299070
ACH-000050,NCI-H929,NCIH929,NCIH929_HAEMATOPOIETIC_AND_LYMPHOID_TISSUE,724825
ACH-000052,A-673,A673,A673_BONE,684052
ACH-000054,HT-1080,HT1080,HT1080_SOFT_TISSUE,907064
ACH-000055,D283 Med,D283MED,D283MED_CENTRAL_NERVOUS_SYSTEM,906834
ACH-000056,DOHH-2,DOHH2,DOHH2_HAEMATOPOIETIC_AND_LYMPHOID_TISSUE,906842
ACH-000059,SUP-B15,SUPB15,SUPB15_HAEMATOPOIETIC_AND_LYMPHOID_TISSUE,1247871
ACH-000060,Panc 10.05,PANC1005,PANC1005_PANCREAS,925348
ACH-000061,HH,HH,HH_HAEMATOPOIETIC_AND_LYMPHOID_TISSUE,907056
ACH-000062,RERF-LC-MS,RERFLCMS,RERFLCMS_LUNG,910931
ACH-000063,,HS616T,HS616T_FIBROBLAST,0
ACH-000065,OCI-AML5,OCIAML5,OCIAML5_HAEMATOPOIETIC_AND_LYMPHOID_TISSUE,1330983
ACH-000066,HCC4006,HCC4006,HCC4006_LUNG,0
ACH-000067,Hs 683,HS683,HS683_CENTRAL_NERVOUS_SYSTEM,1240150
ACH-000069,Hs 611.T,HS611T,HS611T_HAEMATOPOIETIC_AND_LYMPHOID_TISSUE,0
ACH-000070,697,697,697_HAEMATOPOIETIC_AND_LYMPHOID_TISSUE,906800
ACH-000072,MEG-01,MEG01,MEG01_HAEMATOPOIETIC_AND_LYMPHOID_TISSUE,908126
ACH-000073,GRANTA-519,GRANTA519,GRANTA519_HAEMATOPOIETIC_AND_LYMPHOID_TISSUE,1303897
ACH-000074,KU812,KU812,KU812_HAEMATOPOIETIC_AND_LYMPHOID_TISSUE,907311
ACH-000075,U-87 MG,U87MG,U87MG_CENTRAL_NERVOUS_SYSTEM,687590
ACH-000078,MHH-NB-11,MHHNB11,MHHNB11_AUTONOMIC_GANGLIA,908135
ACH-000080,BDCM,BDCM,BDCM_HAEMATOPOIETIC_AND_LYMPHOID_TISSUE,0
ACH-000081,GDM-1,GDM1,GDM1_HAEMATOPOIETIC_AND_LYMPHOID_TISSUE,906870
ACH-000082,"G-292, clone A141B1",G292CLONEA141B1,G292CLONEA141B1_BONE,1290807
ACH-000083,Hs 281.T,HS281T,HS281T_FIBROBLAST,0
ACH-000085,T3M-4,T3M4,T3M4_PANCREAS,0
ACH-000086,ACC-MESO-1,ACCMESO1,ACCMESO1_PLEURA,0
ACH-000087,SK-ES-1,SKES1,SKES1_BONE,684072
ACH-000090,PC-3,PC3,PC3_PROSTATE,905934
ACH-000091,OV56,OV56,OV56_OVARY,1480362
ACH-000092,NCI-H2452,NCIH2452,NCIH2452_PLEURA,908462
ACH-000094,HPAF-II,HPAFII,HPAFII_PANCREAS,724869
ACH-000095,D341,D341,D341MED_CENTRAL_NERVOUS_SYSTEM,0
ACH-000096,G-401,G401,G401_SOFT_TISSUE,907299
ACH-000097,ZR-75-1,ZR751,ZR751_BREAST,0
ACH-000098,GAMG,GAMG,GAMG_CENTRAL_NERVOUS_SYSTEM,906868
ACH-000099,SIMA,SIMA,SIMA_AUTONOMIC_GANGLIA,753620
ACH-000102,GMS-10,GMS10,GMS10_CENTRAL_NERVOUS_SYSTEM,0
ACH-000103,Caov-4,CAOV4,CAOV4_OVARY,949090
ACH-000104,Loucy,LOUCY,LOUCY_HAEMATOPOIETIC_AND_LYMPHOID_TISSUE,907789
ACH-000105,ALL-SIL,ALLSIL,ALLSIL_HAEMATOPOIETIC_AND_LYMPHOID_TISSUE,1295740
ACH-000106,JVM-2,JVM2,JVM2_HAEMATOPOIETIC_AND_LYMPHOID_TISSUE,907269
ACH-000107,Capan-2,CAPAN2,CAPAN2_PANCREAS,910915
ACH-000109,NCI-H3255,NCIH3255,NCIH3255_LUNG,0
ACH-000111,HCC1187,HCC1187,HCC1187_BREAST,749711
ACH-000112,SIG-M5,SIGM5,SIGM5_HAEMATOPOIETIC_AND_LYMPHOID_TISSUE,909715
ACH-000113,OCI-AML2,OCIAML2,OCIAML2_HAEMATOPOIETIC_AND_LYMPHOID_TISSUE,910947
ACH-000114,SU.86.86,SU8686,SU8686_PANCREAS,1240218
ACH-000115,VCaP,VCAP,VCAP_PROSTATE,1299075
ACH-000116,OAW28,OAW28,OAW28_OVARY,946360
ACH-000117,EFM-192A,EFM192A,EFM192A_BREAST,1290798
ACH-000118,HUP-T3,HUPT3,HUPT3_PANCREAS,907285
ACH-000120,CHP-212,CHP212,CHP212_AUTONOMIC_GANGLIA,906820
ACH-000121,NCI-H2405,NCIH2405,NCIH2405_LUNG,687821
ACH-000123,COV434,COV434,COV434_OVARY,0
ACH-000124,OCI-LY-19,OCILY19,OCILY19_HAEMATOPOIETIC_AND_LYMPHOID_TISSUE,1330984
ACH-000126,KG-1-C,KG1C,KG1C_CENTRAL_NERVOUS_SYSTEM,0
ACH-000129,NCI-H1341,NCIH1341,NCIH1341_LUNG,1330964
ACH-000131,Hs 229.T,HS229T,HS229T_FIBROBLAST,0
ACH-000132,JHOS-2,JHOS2,JHOS2_OVARY,1479995
ACH-000133,Hs 729,HS729,HS729_SOFT_TISSUE,0
ACH-000135,Hs 940.T,HS940T,HS940T_FIBROBLAST,1298145
ACH-000136,CHP-126,CHP126,CHP126_AUTONOMIC_GANGLIA,910567
ACH-000137,8-MG-BA,8MGBA,8MGBA_CENTRAL_NERVOUS_SYSTEM,687562
ACH-000138,CFPAC-1,CFPAC1,CFPAC1_PANCREAS,906821
ACH-000139,Panc 03.27,PANC0327,PANC0327_PANCREAS,925346
ACH-000141,SNU-308,SNU308,SNU308_BILIARY_TRACT,0
ACH-000142,CAL-29,CAL29,CAL29_URINARY_TRACT,1290730
ACH-000144,RERF-GC-1B,RERFGC1B,RERFGC1B_STOMACH,1240209
ACH-000146,THP-1,THP1,THP1_HAEMATOPOIETIC_AND_LYMPHOID_TISSUE,909771
ACH-000147,T-47D,T47D,T47D_BREAST,905945
ACH-000148,Hs 578T,HS578T,HS578T_BREAST,905957
ACH-000149,SK-N-SH,SKNSH,SKNSH_AUTONOMIC_GANGLIA,717431
ACH-000150,HCC2935,HCC2935,HCC2935_LUNG,0
ACH-000151,JM1,JM1,JM1_HAEMATOPOIETIC_AND_LYMPHOID_TISSUE,1327768
ACH-000152,M059K,M059K,M059K_CENTRAL_NERVOUS_SYSTEM,0
ACH-000153,NCI-H2052,NCIH2052,NCIH2052_PLEURA,688058
ACH-000155,SW 1990,SW1990,SW1990_PANCREAS,910907
ACH-000156,MHH-CALL-4,MHHCALL4,MHHCALL4_HAEMATOPOIETIC_AND_LYMPHOID_TISSUE,908133
ACH-000157,A4/Fuk,A4FUK,A4FUK_HAEMATOPOIETIC_AND_LYMPHOID_TISSUE,910934
ACH-000159,OS-RC-2,OSRC2,OSRC2_KIDNEY,909250
ACH-000161,COR-L105,CORL105,CORL105_LUNG,906805
ACH-000162,GA-10,GA10,GA10_HAEMATOPOIETIC_AND_LYMPHOID_TISSUE,1303896
ACH-000163,SW579,SW579,SW579_THYROID,0
ACH-000164,PANC-1,PANC1,PANC1_PANCREAS,0
ACH-000168,NOMO-1,NOMO1,NOMO1_HAEMATOPOIETIC_AND_LYMPHOID_TISSUE,908451
ACH-000169,RD,RD,RD_SOFT_TISSUE,909264
ACH-000171,VMRC-RCZ,VMRCRCZ,VMRCRCZ_KIDNEY,909781
ACH-000174,CAL-62,CAL62,CAL62_THYROID,906828
ACH-000176,LOU-NH91,LOUNH91,LOUNH91_LUNG,1298226
ACH-000177,NCI-H660,NCIH660,NCIH660_PROSTATE,1330975
ACH-000178,Hs 766T,HS766T,HS766T_PANCREAS,1298141
ACH-000181,SCC-9,SCC9,SCC9_UPPER_AERODIGESTIVE_TRACT,909709
ACH-000182,SNU-869,SNU869,SNU869_BILIARY_TRACT,0
ACH-000183,L-363,L363,L363_HAEMATOPOIETIC_AND_LYMPHOID_TISSUE,924239
ACH-000184,Hs  343.T,HS343T,HS343T_FIBROBLAST,0
ACH-000186,NCI-H2444,NCIH2444,NCIH2444_LUNG,1298356
ACH-000187,COR-L311,CORL311,CORL311_LUNG,687980
ACH-000188,SCC-25,SCC25,SCC25_UPPER_AERODIGESTIVE_TRACT,910701
ACH-000189,RCC10RGB,RCC10RGB,RCC10RGB_KIDNEY,909974
ACH-000190,HD-MY-Z,HDMYZ,HDMYZ_HAEMATOPOIETIC_AND_LYMPHOID_TISSUE,0
ACH-000191,BHT-101,BHT101,BHT101_THYROID,906696
ACH-000195,Set-2,SET2,SET2_HAEMATOPOIETIC_AND_LYMPHOID_TISSUE,0
ACH-000196,HCC1599,HCC1599,HCC1599_BREAST,749713
ACH-000197,TALL-1,TALL1,TALL1_HAEMATOPOIETIC_AND_LYMPHOID_TISSUE,909762
ACH-000198,EOL-1,EOL1,EOL1_HAEMATOPOIETIC_AND_LYMPHOID_TISSUE,0
ACH-000200,NMC-G1,NMCG1,NMCG1_CENTRAL_NERVOUS_SYSTEM,908449
ACH-000201,A-204,A204,A204_SOFT_TISSUE,910784
ACH-000202,COLO-320,COLO320,COLO320_LARGE_INTESTINE,0
ACH-000203,NH-6,NH6,NH6_AUTONOMIC_GANGLIA,0
ACH-000204,LP-1,LP1,LP1_HAEMATOPOIETIC_AND_LYMPHOID_TISSUE,907791
ACH-000207,Detroit 562,DETROIT562,DETROIT562_UPPER_AERODIGESTIVE_TRACT,906837
ACH-000209,SNU-1079,SNU1079,SNU1079_BILIARY_TRACT,0
ACH-000210,CADO-ES1,CADOES1,CADOES1_BONE,753539
ACH-000211,Daoy,DAOY,DAOY_CENTRAL_NERVOUS_SYSTEM,906833
ACH-000212,CAL-120,CAL120,CAL120_BREAST,906826
ACH-000214,,HS675T,HS675T_FIBROBLAST,0
ACH-000218,PL-21,PL21,PL21_HAEMATOPOIETIC_AND_LYMPHOID_TISSUE,1330991
ACH-000219,A-375,A375,A375_SKIN,906793
ACH-000221,SNU-398,SNU398,SNU398_LIVER,1240217
ACH-000222,AsPC-1,ASPC1,ASPC1_PANCREAS,910702
ACH-000223,HCC1937,HCC1937,HCC1937_BREAST,749714
ACH-000225,ECC12,ECC12,ECC12_STOMACH,906849
ACH-000226,SUP-M2,SUPM2,SUPM2_HAEMATOPOIETIC_AND_LYMPHOID_TISSUE,1331040
ACH-000227,KP-N-YN,KPNYN,KPNYN_AUTONOMIC_GANGLIA,907314
ACH-000228,BICR 31,BICR31,BICR31_UPPER_AERODIGESTIVE_TRACT,1290725
ACH-000231,KALS-1,KALS1,KALS1_CENTRAL_NERVOUS_SYSTEM,907271
ACH-000232,U-251 MG,U251MG,U251MG_CENTRAL_NERVOUS_SYSTEM,0
ACH-000235,Panc 04.03,PANC0403,PANC0403_PANCREAS,1298476
ACH-000236,SW1417,SW1417,SW1417_LARGE_INTESTINE,909747
ACH-000237,JHOM-1,JHOM1,JHOM1_OVARY,0
ACH-000238,SCC-4,SCC4,SCC4_UPPER_AERODIGESTIVE_TRACT,910904
ACH-000242,RT4,RT4,RT4_URINARY_TRACT,687455
ACH-000243,DAN-G,DANG,DANG_PANCREAS,1290797
ACH-000244,DK-MG,DKMG,DKMG_CENTRAL_NERVOUS_SYSTEM,906839
ACH-000245,BL-41,BL41,BL41_HAEMATOPOIETIC_AND_LYMPHOID_TISSUE,910706
ACH-000247,OCUM-1,OCUM1,OCUM1_STOMACH,1298358
ACH-000248,AU565,AU565,AU565_BREAST,910704
ACH-000249,CL-11,CL11,CL11_LARGE_INTESTINE,1290769
ACH-000250,KMRC-20,KMRC20,KMRC20_KIDNEY,1298169
ACH-000253,COLO 201,COLO201,COLO201_LARGE_INTESTINE,0
ACH-000254,SCC-15,SCC15,SCC15_UPPER_AERODIGESTIVE_TRACT,910911
ACH-000255,LMSU,LMSU,LMSU_STOMACH,0
ACH-000256,COV318,COV318,COV318_OVARY,0
ACH-000257,COR-L279,CORL279,CORL279_LUNG,910937
ACH-000258,Du4475,DU4475,DU4475_BREAST,906844
ACH-000260,SK-N-AS,SKNAS,SKNAS_AUTONOMIC_GANGLIA,724828
ACH-000261,RERF-LC-AI,RERFLCAI,RERFLCAI_LUNG,0
ACH-000264,Calu-6,CALU6,CALU6_LUNG,724859
ACH-000266,SNU-213,SNU213,SNU213_PANCREAS,0
ACH-000267,HDLM-2,HDLM2,HDLM2_HAEMATOPOIETIC_AND_LYMPHOID_TISSUE,924110
ACH-000269,AM-38,AM38,AM38_CENTRAL_NERVOUS_SYSTEM,910933
ACH-000270,HPAC,HPAC,HPAC_PANCREAS,1298136
ACH-000271,SU-DHL-10,SUDHL10,SUDHL10_HAEMATOPOIETIC_AND_LYMPHOID_TISSUE,1331033
ACH-000273,SF539,SF539,SF539_CENTRAL_NERVOUS_SYSTEM,905984
ACH-000274,Hs 852.T,HS852T,HS852T_SKIN,0
ACH-000277,HCC1419,HCC1419,HCC1419_BREAST,907045
ACH-000278,COV362,COV362,COV362_OVARY,0
ACH-000280,SNU-840,SNU840,SNU840_OVARY,0
ACH-000287,NU-DUL-1,NUDUL1,NUDUL1_HAEMATOPOIETIC_AND_LYMPHOID_TISSUE,1330982
ACH-000290,NCI-H209,NCIH209,NCIH209_LUNG,688013
ACH-000291,OV-90,OV90,OV90_OVARY,1240197
ACH-000292,NCI-H841,NCIH841,NCIH841_LUNG,1240192
ACH-000294,NB-4,NB4,NB4_HAEMATOPOIETIC_AND_LYMPHOID_TISSUE,1323913
ACH-000295,EM-2,EM2,EM2_HAEMATOPOIETIC_AND_LYMPHOID_TISSUE,906855
ACH-000296,OUMS-23,OUMS23,OUMS23_LARGE_INTESTINE,0
ACH-000298,NCI-H2029,NCIH2029,NCIH2029_LUNG,688011
ACH-000301,LAMA-84,LAMA84,LAMA84_HAEMATOPOIETIC_AND_LYMPHOID_TISSUE,907783
ACH-000302,SNU-1077,SNU1077,SNU1077_ENDOMETRIUM,0
ACH-000303,SNU-5,SNU5,SNU5_STOMACH,908445
ACH-000304,WM-115,WM115,WM115_SKIN,909784
ACH-000305,EC-GI-10,ECGI10,ECGI10_OESOPHAGUS,753555
ACH-000306,Hs 688(A).T,HS688AT,HS688AT_FIBROBLAST,0
ACH-000307,PK-1,PK1,PK1_PANCREAS,0
ACH-000308,EFO-21,EFO21,EFO21_OVARY,911905
ACH-000310,IMR-32,IMR32,IMR32_AUTONOMIC_GANGLIA,0
ACH-000311,NCI-H2122,NCIH2122,NCIH2122_LUNG,722046
ACH-000312,SK-N-BE(2),SKNBE2,SKNBE2_AUTONOMIC_GANGLIA,0
ACH-000314,HCC-2108,HCC2108,HCC2108_LUNG,0
ACH-000315,KARPAS-422,KARPAS422,KARPAS422_HAEMATOPOIETIC_AND_LYMPHOID_TISSUE,907274
ACH-000316,SNU-886,SNU886,SNU886_LIVER,0
ACH-000317,TUHR14TKB,TUHR14TKB,TUHR14TKB_KIDNEY,0
ACH-000318,TE-10,TE10,TE10_OESOPHAGUS,753622
ACH-000320,PSN1,PSN1,PSN1_PANCREAS,910546
ACH-000322,HT-144,HT144,HT144_SKIN,907067
ACH-000323,42-MG-BA,42MGBA,42MGBA_CENTRAL_NERVOUS_SYSTEM,687561
ACH-000324,JHOC-5,JHOC5,JHOC5_OVARY,0
ACH-000326,JURL-MK1,JURLMK1,JURLMK1_HAEMATOPOIETIC_AND_LYMPHOID_TISSUE,1327771
ACH-000327,NCI-H1395,NCIH1395,NCIH1395_LUNG,0
ACH-000329,CCF-STTG1,CCFSTTG1,CCFSTTG1_CENTRAL_NERVOUS_SYSTEM,0
ACH-000330,EFM-19,EFM19,EFM19_BREAST,906851
ACH-000331,IST-MES2,ISTMES2,ISTMES2_PLEURA,0
ACH-000332,YAPC,YAPC,YAPC_PANCREAS,909904
ACH-000334,DB,DB,DB_HAEMATOPOIETIC_AND_LYMPHOID_TISSUE,906832
ACH-000335,MSTO-211H,MSTO211H,MSTO211H_PLEURA,908152
ACH-000336,OCI-AML3,OCIAML3,OCIAML3_HAEMATOPOIETIC_AND_LYMPHOID_TISSUE,1290455
ACH-000338,SR-786,SR786,SR786_HAEMATOPOIETIC_AND_LYMPHOID_TISSUE,0
ACH-000341,SK-N-FI,SKNFI,SKNFI_AUTONOMIC_GANGLIA,688087
ACH-000342,CL-14,CL14,CL14_LARGE_INTESTINE,0
ACH-000343,NCI-H522,NCIH522,NCIH522_LUNG,905944
ACH-000344,SNU-668,SNU668,SNU668_STOMACH,0
ACH-000345,KP-N-RT-BM-1,KPNRTBM1,KPNRTBM1_AUTONOMIC_GANGLIA,924189
ACH-000346,JVM-3,JVM3,JVM3_HAEMATOPOIETIC_AND_LYMPHOID_TISSUE,907270
ACH-000347,QGP-1,QGP1,QGP1_PANCREAS,1298534
ACH-000348,RPMI-7951,RPMI7951,RPMI7951_SKIN,910903
ACH-000349,HCC1500,HCC1500,HCC1500_BREAST,1303900
ACH-000350,COLO-678,COLO678,COLO678_LARGE_INTESTINE,910689
ACH-000351,MKN1,MKN1,MKN1_STOMACH,908138
ACH-000352,HCC1428,HCC1428,HCC1428_BREAST,1290905
ACH-000353,TE-15,TE15,TE15_OESOPHAGUS,753614
ACH-000355,NCI-H82,NCIH82,NCIH82_LUNG,688031
ACH-000356,MKN-45,MKN45,MKN45_STOMACH,925340
ACH-000357,JeKo-1,JEKO1,JEKO1_HAEMATOPOIETIC_AND_LYMPHOID_TISSUE,1327765
ACH-000358,NCI-H69,NCIH69,NCIH69_LUNG,688027
ACH-000359,MG-63,MG63,MG63_BONE,908131
ACH-000360,NCI-H508,NCIH508,NCIH508_LARGE_INTESTINE,908442
ACH-000361,SK-HEP-1,SKHEP1,SKHEP1_LIVER,909719
ACH-000362,MOLM-13,MOLM13,MOLM13_HAEMATOPOIETIC_AND_LYMPHOID_TISSUE,1330947
ACH-000363,SK-MM-2,SKMM2,SKMM2_HAEMATOPOIETIC_AND_LYMPHOID_TISSUE,753612
ACH-000364,U-2 OS,U2OS,U2OS_BONE,909776
ACH-000365,SU-DHL-4,SUDHL4,SUDHL4_HAEMATOPOIETIC_AND_LYMPHOID_TISSUE,1331035
ACH-000366,SK-N-DZ,SKNDZ,SKNDZ_AUTONOMIC_GANGLIA,688086
ACH-000368,SNU-1105,SNU1105,SNU1105_CENTRAL_NERVOUS_SYSTEM,0
ACH-000369,MOLM-16,MOLM16,MOLM16_HAEMATOPOIETIC_AND_LYMPHOID_TISSUE,1330948
ACH-000370,SNU-626,SNU626,SNU626_CENTRAL_NERVOUS_SYSTEM,0
ACH-000371,RL,RL,RL_HAEMATOPOIETIC_AND_LYMPHOID_TISSUE,910861
ACH-000372,P12-ICHIKAWA,P12ICHIKAWA,P12ICHIKAWA_HAEMATOPOIETIC_AND_LYMPHOID_TISSUE,909251
ACH-000373,SKM-1,SKM1,SKM1_HAEMATOPOIETIC_AND_LYMPHOID_TISSUE,909722
ACH-000374,HCC1143,HCC1143,HCC1143_BREAST,749710
ACH-000375,G-402,G402,G402_SOFT_TISSUE,907298
ACH-000376,SF-295,SF295,SF295_CENTRAL_NERVOUS_SYSTEM,905985
ACH-000377,SNU-478,SNU478,SNU478_BILIARY_TRACT,0
ACH-000378,NCI-H647,NCIH647,NCIH647_LUNG,1240191
ACH-000379,NCI-H1781,NCIH1781,NCIH1781_LUNG,1298350
ACH-000380,KMS-12-BM,KMS12BM,KMS12BM_HAEMATOPOIETIC_AND_LYMPHOID_TISSUE,907281
ACH-000381,T84,T84,T84_LARGE_INTESTINE,909761
ACH-000382,COR-L24,CORL24,CORL24_LUNG,0
ACH-000383,OE33,OE33,OE33_OESOPHAGUS,910549
ACH-000384,SW 780,SW780,SW780_URINARY_TRACT,687457
ACH-000386,KG-1,KG1,KG1_HAEMATOPOIETIC_AND_LYMPHOID_TISSUE,907278
ACH-000387,TF-1,TF1,TF1_HAEMATOPOIETIC_AND_LYMPHOID_TISSUE,0
ACH-000389,H4,H4,H4_CENTRAL_NERVOUS_SYSTEM,907042
ACH-000390,LUDLU-1,LUDLU1,LUDLU1_LUNG,0
ACH-000392,Calu-3,CALU3,CALU3_LUNG,687777
ACH-000393,HLF,HLF,HLF_LIVER,0
ACH-000394,NCI-H2081,NCIH2081,NCIH2081_LUNG,908480
ACH-000396,J82,J82,J82_URINARY_TRACT,753566
ACH-000397,TEN,TEN,TEN_ENDOMETRIUM,0
ACH-000399,NCI-H2196,NCIH2196,NCIH2196_LUNG,908481
ACH-000400,SK-CO-1,SKCO1,SKCO1_LARGE_INTESTINE,909718
ACH-000401,COLO-800,COLO800,COLO800_SKIN,906813
ACH-000402,BL-70,BL70,BL70_HAEMATOPOIETIC_AND_LYMPHOID_TISSUE,0
ACH-000403,NCI-H747,NCIH747,NCIH747_LARGE_INTESTINE,908457
ACH-000404,K029AX,K029AX,K029AX_SKIN,0
ACH-000406,U-937,U937,U937_HAEMATOPOIETIC_AND_LYMPHOID_TISSUE,0
ACH-000407,SNU-685,SNU685,SNU685_ENDOMETRIUM,0
ACH-000408,TE-5,TE5,TE5_OESOPHAGUS,735784
ACH-000409,OVSAHO,OVSAHO,OVSAHO_OVARY,0
ACH-000410,Saos-2,SAOS2,SAOS2_BONE,909707
ACH-000411,769-P,769P,769P_KIDNEY,910922
ACH-000412,SNU-1197,SNU1197,SNU1197_LARGE_INTESTINE,0
ACH-000414,NCI-H1944,NCIH1944,NCIH1944_LUNG,1240185
ACH-000415,BICR 6,BICR6,BICR6_UPPER_AERODIGESTIVE_TRACT,0
ACH-000416,NCI-H838,NCIH838,NCIH838_LUNG,910399
ACH-000417,Panc 08.13,PANC0813,PANC0813_PANCREAS,925347
ACH-000420,SNU-449,SNU449,SNU449_LIVER,909738
ACH-000421,SW837,SW837,SW837_LARGE_INTESTINE,909755
ACH-000422,SNU-475,SNU475,SNU475_LIVER,909739
ACH-000423,SK-MEL-3,SKMEL3,SKMEL3_SKIN,909724
ACH-000425,UACC-62,UACC62,UACC62_SKIN,905976
ACH-000427,NCI-N87,NCIN87,NCIN87_STOMACH,908461
ACH-000429,A-704,A704,A704_KIDNEY,910920
ACH-000430,TYK-nu,TYKNU,TYKNU_OVARY,909774
ACH-000432,BV-173,BV173,BV173_HAEMATOPOIETIC_AND_LYMPHOID_TISSUE,910710
ACH-000433,Caki-1,CAKI1,CAKI1_KIDNEY,905963
ACH-000434,NCI-H1915,NCIH1915,NCIH1915_LUNG,1240184
ACH-000435,EFE-184,EFE184,EFE184_ENDOMETRIUM,0
ACH-000437,SW 1088,SW1088,SW1088_CENTRAL_NERVOUS_SYSTEM,909745
ACH-000438,,LU65,LU65_LUNG,724863
ACH-000439,ME-1,ME1,ME1_HAEMATOPOIETIC_AND_LYMPHOID_TISSUE,1330942
ACH-000440,CA46,CA46,CA46_HAEMATOPOIETIC_AND_LYMPHOID_TISSUE,910703
ACH-000441,SH-4,SH4,SH4_SKIN,909713
ACH-000443,OVKATE,OVKATE,OVKATE_OVARY,1240199
ACH-000444,LU99,LU99,LU99_LUNG,0
ACH-000445,KNS-60,KNS60,KNS60_CENTRAL_NERVOUS_SYSTEM,0
ACH-000446,KP-N-SI9s,KPNSI9S,KPNSI9S_AUTONOMIC_GANGLIA,0
ACH-000447,NCI-H2228,NCIH2228,NCIH2228_LUNG,687816
ACH-000449,MES-SA,MESSA,MESSA_SOFT_TISSUE,908127
ACH-000450,MEL-HO,MELHO,MELHO_SKIN,908124
ACH-000451,NCI-H2085,NCIH2085,NCIH2085_LUNG,687812
ACH-000452,TE-8,TE8,TE8_OESOPHAGUS,753623
ACH-000454,HCC-95,HCC95,HCC95_LUNG,0
ACH-000456,B-CPAP,BCPAP,BCPAP_THYROID,924104
ACH-000457,CAL-54,CAL54,CAL54_KIDNEY,910952
ACH-000458,CJM,CJM,CJM_SKIN,0
ACH-000459,TUHR10TKB,TUHR10TKB,TUHR10TKB_KIDNEY,0
ACH-000460,SNU-8,SNU8,SNU8_OVARY,0
ACH-000461,SNU-1196,SNU1196,SNU1196_BILIARY_TRACT,0
ACH-000463,NCI-H460,NCIH460,NCIH460_LUNG,905943
ACH-000464,CAS-1,CAS1,CAS1_CENTRAL_NERVOUS_SYSTEM,910943
ACH-000465,SK-MEL-1,SKMEL1,SKMEL1_SKIN,909723
ACH-000466,SNU-216,SNU216,SNU216_STOMACH,0
ACH-000468,PK-45H,PK45H,PK45H_PANCREAS,0
ACH-000469,YH-13,YH13,YH13_CENTRAL_NERVOUS_SYSTEM,909905
ACH-000470,SW1463,SW1463,SW1463_LARGE_INTESTINE,909748
ACH-000471,Li-7,LI7,LI7_LIVER,0
ACH-000472,HSC-2,HSC2,HSC2_UPPER_AERODIGESTIVE_TRACT,753562
ACH-000473,RT-112,RT112,RT112_URINARY_TRACT,909704
ACH-000475,huH-1,HUH1,HUH1_LIVER,1298146
ACH-000476,JHH-4,JHH4,JHH4_LIVER,1240158
ACH-000477,Malme-3M,MALME3M,MALME3M_SKIN,0
ACH-000478,SNU-387,SNU387,SNU387_LIVER,909736
ACH-000479,KNS-81,KNS81,KNS81_CENTRAL_NERVOUS_SYSTEM,0
ACH-000480,HuH-7,HUH7,HUH7_LIVER,907071
ACH-000481,NCI-H2170,NCIH2170,NCIH2170_LUNG,687815
ACH-000482,RERF-LC-KJ,RERFLCKJ,RERFLCKJ_LUNG,1298537
ACH-000483,SNU-182,SNU182,SNU182_LIVER,0
ACH-000484,VMRC-RCW,VMRCRCW,VMRCRCW_KIDNEY,1240224
ACH-000485,GSU,GSU,GSU_STOMACH,0
ACH-000486,KU-19-19,KU1919,KU1919_URINARY_TRACT,907312
ACH-000487,F-36P,F36P,F36P_HAEMATOPOIETIC_AND_LYMPHOID_TISSUE,0
ACH-000488,TE-11,TE11,TE11_OESOPHAGUS,946354
ACH-000489,SW1116,SW1116,SW1116_LARGE_INTESTINE,909746
ACH-000491,NCI-H716,NCIH716,NCIH716_LARGE_INTESTINE,908458
ACH-000493,SNU-423,SNU423,SNU423_LIVER,909737
ACH-000495,TUHR4TKB,TUHR4TKB,TUHR4TKB_KIDNEY,0
ACH-000496,NCI-H1792,NCIH1792,NCIH1792_LUNG,724868
ACH-000498,KO52,KO52,KO52_HAEMATOPOIETIC_AND_LYMPHOID_TISSUE,0
ACH-000500,SNU-46,SNU46,SNU46_UPPER_AERODIGESTIVE_TRACT,0
ACH-000501,LS123,LS123,LS123_LARGE_INTESTINE,907792
ACH-000502,TCC-PAN2,TCCPAN2,TCCPAN2_PANCREAS,0
ACH-000503,BICR 16,BICR16,BICR16_UPPER_AERODIGESTIVE_TRACT,0
ACH-000504,SNB75,SNB75,SNB75_CENTRAL_NERVOUS_SYSTEM,905982
ACH-000505,RKN,RKN,RKN_SOFT_TISSUE,1298539
ACH-000506,NCI-H146,NCIH146,NCIH146_LUNG,910899
ACH-000508,COR-L88,CORL88,CORL88_LUNG,906808
ACH-000509,HuT 78,HUT78,HUT78_HAEMATOPOIETIC_AND_LYMPHOID_TISSUE,0
ACH-000511,Calu-1,CALU1,CALU1_LUNG,0
ACH-000514,NCI-H1092,NCIH1092,NCIH1092_LUNG,687997
ACH-000515,HCC-33,HCC33,HCC33_LUNG,1303901
ACH-000517,SNU-410,SNU410,SNU410_PANCREAS,0
ACH-000518,CAL-33,CAL33,CAL33_UPPER_AERODIGESTIVE_TRACT,753541
ACH-000519,PEER,PEER,PEER_HAEMATOPOIETIC_AND_LYMPHOID_TISSUE,0
ACH-000521,NCI-H2030,NCIH2030,NCIH2030_LUNG,722045
ACH-000522,UM-UC-3,UMUC3,UMUC3_URINARY_TRACT,724838
ACH-000525,NCI-H2171,NCIH2171,NCIH2171_LUNG,688015
ACH-000527,OVISE,OVISE,OVISE_OVARY,1240198
ACH-000528,ABC-1,ABC1,ABC1_LUNG,906791
ACH-000530,DMS 114,DMS114,DMS114_LUNG,687983
ACH-000532,SNU-61,SNU61,SNU61_LARGE_INTESTINE,1660035
ACH-000534,WSU-DLCL2,WSUDLCL2,WSUDLCL2_HAEMATOPOIETIC_AND_LYMPHOID_TISSUE,1331050
ACH-000535,BxPC-3,BXPC3,BXPC3_PANCREAS,906693
ACH-000536,BT-20,BT20,BT20_BREAST,906801
ACH-000537,SNU-761,SNU761,SNU761_LIVER,0
ACH-000539,Hs 618.T,HS618T,HS618T_FIBROBLAST,0
ACH-000540,Hs 606.T,HS606T,HS606T_FIBROBLAST,0
ACH-000541,KMS-34,KMS34,KMS34_HAEMATOPOIETIC_AND_LYMPHOID_TISSUE,0
ACH-000542,Hey-A8,HEYA8,HEYA8_OVARY,0
ACH-000543,SNU-489,SNU489,SNU489_CENTRAL_NERVOUS_SYSTEM,0
ACH-000545,VM-CUB1,VMCUB1,VMCUB1_URINARY_TRACT,0
ACH-000546,HSC-4,HSC4,HSC4_UPPER_AERODIGESTIVE_TRACT,907062
ACH-000547,HT-1197,HT1197,HT1197_URINARY_TRACT,907065
ACH-000548,BHY,BHY,BHY_UPPER_AERODIGESTIVE_TRACT,753535
ACH-000549,SNU-1076,SNU1076,SNU1076_UPPER_AERODIGESTIVE_TRACT,0
ACH-000550,IGR-39,IGR39,IGR39_SKIN,0
ACH-000551,K-562,K562,K562_HAEMATOPOIETIC_AND_LYMPHOID_TISSUE,905940
ACH-000554,UACC-893,UACC893,UACC893_BREAST,909778
ACH-000555,A-498,A498,A498_KIDNEY,905948
ACH-000557,AML-193,AML193,AML193_HAEMATOPOIETIC_AND_LYMPHOID_TISSUE,0
ACH-000558,A-172,A172,A172_CENTRAL_NERVOUS_SYSTEM,687563
ACH-000559,NCI-H1836,NCIH1836,NCIH1836_LUNG,1240182
ACH-000560,ECC10,ECC10,ECC10_STOMACH,906848
ACH-000561,T.T,TDOTT,TT_OESOPHAGUS,0
ACH-000562,HCC-78,HCC78,HCC78_LUNG,1290908
ACH-000563,EBC-1,EBC1,EBC1_LUNG,753554
ACH-000565,RCM-1,RCM1,RCM1_LARGE_INTESTINE,909263
ACH-000566,SW-1710,SW1710,SW1710_URINARY_TRACT,909749
ACH-000567,ST486,ST486,ST486_HAEMATOPOIETIC_AND_LYMPHOID_TISSUE,910906
ACH-000568,UACC-812,UACC812,UACC812_BREAST,910910
ACH-000570,YKG1,YKG1,YKG1_CENTRAL_NERVOUS_SYSTEM,687592
ACH-000572,G-361,G361,G361_SKIN,906865
ACH-000573,MDA-MB-436,MDAMB436,MDAMB436_BREAST,1240172
ACH-000574,FU-OV-1,FUOV1,FUOV1_OVARY,1240129
ACH-000576,KMS-27,KMS27,KMS27_HAEMATOPOIETIC_AND_LYMPHOID_TISSUE,0
ACH-000578,HCC-1171,HCC1171,HCC1171_LUNG,0
ACH-000579,UACC-257,UACC257,UACC257_SKIN,905977
ACH-000580,C32,C32,C32_SKIN,906830
ACH-000582,COLO 741,COLO741,COLO741_SKIN,0
ACH-000585,EPLC-272H,EPLC272H,EPLC272H_LUNG,753556
ACH-000586,NCI-H1876,NCIH1876,NCIH1876_LUNG,1330972
ACH-000587,NCI-H1975,NCIH1975,NCIH1975_LUNG,924244
ACH-000589,NCI-H1437,NCIH1437,NCIH1437_LUNG,687794
ACH-000592,TM-31,TM31,TM31_CENTRAL_NERVOUS_SYSTEM,0
ACH-000593,BC-3C,BC3C,BC3C_URINARY_TRACT,0
ACH-000594,DMS 153,DMS153,DMS153_LUNG,0
ACH-000595,LN-229,LN229,LN229_CENTRAL_NERVOUS_SYSTEM,1240169
ACH-000596,LCLC-97TM1,LCLC97TM1,LCLC97TM1_LUNG,946361
ACH-000599,PA-TU-8902,PATU8902,PATU8902_PANCREAS,1298526
ACH-000603,BEN,BEN,BEN_LUNG,753534
ACH-000604,KYO-1,KYO1,KYO1_HAEMATOPOIETIC_AND_LYMPHOID_TISSUE,0
ACH-000605,TE-6,TE6,TE6_OESOPHAGUS,946355
ACH-000606,PE/CA-PJ34 (clone C12),PECAPJ34CLONEC12,PECAPJ34CLONEC12_UPPER_AERODIGESTIVE_TRACT,0
ACH-000607,KYM-1,KYM1,KYM1_SOFT_TISSUE,1240166
ACH-000608,COV644,COV644,COV644_OVARY,0
ACH-000609,SF126,SF126,SF126_CENTRAL_NERVOUS_SYSTEM,909712
ACH-000610,NCI-H2227,NCIH2227,NCIH2227_LUNG,688018
ACH-000611,SU-DHL-6,SUDHL6,SUDHL6_HAEMATOPOIETIC_AND_LYMPHOID_TISSUE,1331037
ACH-000613,HOS,HOS,HOS_BONE,907060
ACH-000614,RVH-421,RVH421,RVH421_SKIN,909706
ACH-000615,SK-MEL-28,SKMEL28,SKMEL28_SKIN,905954
ACH-000616,Hs 746T,HS746T,HS746T_STOMACH,1240151
ACH-000617,OVCAR-4,OVCAR4,OVCAR4_OVARY,905990
ACH-000619,PE/CA-PJ15,PECAPJ15,PECAPJ15_UPPER_AERODIGESTIVE_TRACT,1240207
ACH-000621,MDA-MB-157,MDAMB157,MDAMB157_BREAST,925338
ACH-000623,SNU-201,SNU201,SNU201_CENTRAL_NERVOUS_SYSTEM,0
ACH-000624,HCC1806,HCC1806,HCC1806_BREAST,907047
ACH-000625,Hep 3B2.1-7,HEP3B217,HEP3B217_LIVER,1240147
ACH-000626,U266B1,U266B1,U266B1_HAEMATOPOIETIC_AND_LYMPHOID_TISSUE,0
ACH-000627,LCLC-103H,LCLC103H,LCLC103H_LUNG,753586
ACH-000628,NCI-H596,NCIH596,NCIH596_LUNG,908459
ACH-000630,YD-8,YD8,YD8_UPPER_AERODIGESTIVE_TRACT,0
ACH-000632,Hs 944.T,HS944T,HS944T_SKIN,0
ACH-000633,FU97,FU97,FU97_STOMACH,1290806
ACH-000636,RPMI-8402,RPMI8402,RPMI8402_HAEMATOPOIETIC_AND_LYMPHOID_TISSUE,909702
ACH-000637,KYSE-520,KYSE520,KYSE520_OESOPHAGUS,753575
ACH-000638,NCI-H441,NCIH441,NCIH441_LUNG,908460
ACH-000639,NCI-H211,NCIH211,NCIH211_LUNG,1240189
ACH-000640,SK-MEL-31,SKMEL31,SKMEL31_SKIN,909727
ACH-000641,CMK,CMK,CMK_HAEMATOPOIETIC_AND_LYMPHOID_TISSUE,910566
ACH-000643,HDQ-P1,HDQP1,HDQP1_BREAST,1290922
ACH-000644,COLO 829,COLO829,COLO829_SKIN,687448
ACH-000646,OVMANA,OVMANA,OVMANA_OVARY,0
ACH-000647,TE-1,TE1,TE1_OESOPHAGUS,753621
ACH-000648,NCI-H28,NCIH28,NCIH28_PLEURA,908470
ACH-000649,786-O,786O,786O_KIDNEY,0
ACH-000650,IGR-37,IGR37,IGR37_SKIN,1240153
ACH-000651,SW 620,SW620,SW620_LARGE_INTESTINE,905962
ACH-000652,SUIT-2,SUIT2,SUIT2_PANCREAS,1240219
ACH-000654,Raji,RAJI,RAJI_HAEMATOPOIETIC_AND_LYMPHOID_TISSUE,909262
ACH-000655,SF268,SF268,SF268_CENTRAL_NERVOUS_SYSTEM,905986
ACH-000656,SU-DHL-8,SUDHL8,SUDHL8_HAEMATOPOIETIC_AND_LYMPHOID_TISSUE,1331038
ACH-000657,A2780,A2780,A2780_OVARY,906804
ACH-000659,SCLC-21H,SCLC21H,SCLC21H_LUNG,0
ACH-000660,SU-DHL-5,SUDHL5,SUDHL5_HAEMATOPOIETIC_AND_LYMPHOID_TISSUE,1331036
ACH-000661,WM1799,WM1799,WM1799_SKIN,0
ACH-000662,COR-L23,CORL23,CORL23_LUNG,687780
ACH-000663,OVTOKO,OVTOKO,OVTOKO_OVARY,1298365
ACH-000664,SU-DHL-1,SUDHL1,SUDHL1_HAEMATOPOIETIC_AND_LYMPHOID_TISSUE,909742
ACH-000665,SK-MES-1,SKMES1,SKMES1_LUNG,909728
ACH-000667,HCC-44,HCC44,HCC44_LUNG,1240145
ACH-000668,HCC70,HCC70,HCC70_BREAST,907048
ACH-000669,SW 900,SW900,SW900_LUNG,0
ACH-000670,SBC-5,SBC5,SBC5_LUNG,713880
ACH-000671,HuH-6,HUH6,HUH6_LIVER,0
ACH-000672,IA-LM,IALM,IALM_LUNG,910779
ACH-000674,NUGC-4,NUGC4,NUGC4_STOMACH,1298357
ACH-000677,SW 1573,SW1573,SW1573_LUNG,724878
ACH-000678,MKN7,MKN7,MKN7_STOMACH,924250
ACH-000679,OE-19,OE19,OE19_OESOPHAGUS,910079
ACH-000680,SW948,SW948,SW948_LARGE_INTESTINE,909757
ACH-000681,A549,A549,A549_LUNG,905949
ACH-000683,SNU-503,SNU503,SNU503_LARGE_INTESTINE,0
ACH-000684,KMRC-1,KMRC1,KMRC1_KIDNEY,1298168
ACH-000686,SNU-878,SNU878,SNU878_LIVER,0
ACH-000687,CI-1,CI1,CI1_HAEMATOPOIETIC_AND_LYMPHOID_TISSUE,0
ACH-000688,OV7,OV7,OV7_OVARY,1480360
ACH-000689,RH-18,RH18,RH18_SOFT_TISSUE,971774
ACH-000691,HCC2157,HCC2157,HCC2157_BREAST,749715
ACH-000692,SNU-899,SNU899,SNU899_UPPER_AERODIGESTIVE_TRACT,0
ACH-000693,KYSE-180,KYSE180,KYSE180_OESOPHAGUS,907318
ACH-000694,TE-9,TE9,TE9_OESOPHAGUS,946353
ACH-000695,COR-L47,CORL47,CORL47_LUNG,0
ACH-000696,OVCAR-8,OVCAR8,OVCAR8_OVARY,905991
ACH-000697,A3/KAW,A3KAW,A3KAW_HAEMATOPOIETIC_AND_LYMPHOID_TISSUE,910935
ACH-000698,DMS 53,DMS53,DMS53_LUNG,907295
ACH-000699,HCC1395,HCC1395,HCC1395_BREAST,749712
ACH-000701,RMUG-S,RMUGS,RMUGS_OVARY,0
ACH-000702,L-1236,L1236,L1236_HAEMATOPOIETIC_AND_LYMPHOID_TISSUE,1330935
ACH-000703,DMS 79,DMS79,DMS79_LUNG,753551
ACH-000704,OAW42,OAW42,OAW42_OVARY,910548
ACH-000705,LC-1F,LC1F,LC1F_LUNG,0
ACH-000707,P3HR-1,P3HR1,P3HR1_HAEMATOPOIETIC_AND_LYMPHOID_TISSUE,0
ACH-000708,SNU-283,SNU283,SNU283_LARGE_INTESTINE,1659929
ACH-000712,HCC-1833,HCC1833,HCC1833_LUNG,0
ACH-000713,Caov-3,CAOV3,CAOV3_OVARY,906825
ACH-000714,KMS-11,KMS11,KMS11_HAEMATOPOIETIC_AND_LYMPHOID_TISSUE,1659817
ACH-000715,SNU-1214,SNU1214,SNU1214_UPPER_AERODIGESTIVE_TRACT,0
ACH-000716,TT2609-C02,TT2609C02,TT2609C02_THYROID,1240223
ACH-000717,COLO-680N,COLO680N,COLO680N_OESOPHAGUS,906817
ACH-000718,NCI-H2291,NCIH2291,NCIH2291_LUNG,724874
ACH-000719,RMG-I,RMGI,RMGI_OVARY,909699
ACH-000720,TCCSUP,TCCSUP,TCCSUP_URINARY_TRACT,687459
ACH-000721,HMC-1-8,HMC18,HMC18_BREAST,0
ACH-000722,SNU-C1,SNUC1,SNUC1_LARGE_INTESTINE,910905
ACH-000725,HCC202,HCC202,HCC202_BREAST,1290906
ACH-000729,NCI-H1963,NCIH1963,NCIH1963_LUNG,688010
ACH-000730,SK-MEL-5,SKMEL5,SKMEL5_SKIN,905956
ACH-000731,HCC-2279,HCC2279,HCC2279_LUNG,0
ACH-000732,PE/CA-PJ41 (clone D2),PECAPJ41CLONED2,PECAPJ41CLONED2_UPPER_AERODIGESTIVE_TRACT,0
ACH-000733,NCI-H1838,NCIH1838,NCIH1838_LUNG,687807
ACH-000735,PE/CA-PJ49,PECAPJ49,PECAPJ49_UPPER_AERODIGESTIVE_TRACT,0
ACH-000736,SNU-601,SNU601,SNU601_STOMACH,0
ACH-000738,GB-1,GB1,GB1_CENTRAL_NERVOUS_SYSTEM,687568
ACH-000739,Hep G2,HEPG2,HEPG2_LIVER,0
ACH-000740,A-253,A253,A253_SALIVARY_GLAND,906794
ACH-000743,COR-L95,CORL95,CORL95_LUNG,1297439
ACH-000744,NCI-H1623,NCIH1623,NCIH1623_LUNG,687798
ACH-000745,MOLP-8,MOLP8,MOLP8_HAEMATOPOIETIC_AND_LYMPHOID_TISSUE,1330950
ACH-000746,GSS,GSS,GSS_STOMACH,0
ACH-000748,SJSA-1,SJSA1,SJSA1_BONE,909717
ACH-000749,DMS 273,DMS273,DMS273_LUNG,687985
ACH-000750,LOX IMVI,LOXIMVI,LOXIMVI_SKIN,905974
ACH-000751,OCI-M1,OCIM1,OCIM1_HAEMATOPOIETIC_AND_LYMPHOID_TISSUE,1330985
ACH-000752,NCI-H196,NCIH196,NCIH196_LUNG,1240186
ACH-000753,JMSU-1,JMSU1,JMSU1_URINARY_TRACT,0
ACH-000754,L-428,L428,L428_HAEMATOPOIETIC_AND_LYMPHOID_TISSUE,907322
ACH-000755,HCC2218,HCC2218,HCC2218_BREAST,749716
ACH-000756,GI-1,GI1,GI1_CENTRAL_NERVOUS_SYSTEM,906871
ACH-000758,MKN74,MKN74,MKN74_STOMACH,0
ACH-000759,MDA-MB-175-VII,MDAMB175VII,MDAMB175VII_BREAST,908120
ACH-000762,YD-38,YD38,YD38_UPPER_AERODIGESTIVE_TRACT,0
ACH-000763,MM1-S,MM1S,MM1S_HAEMATOPOIETIC_AND_LYMPHOID_TISSUE,1659818
ACH-000764,SH-10-TC,SH10TC,SH10TC_STOMACH,0
ACH-000765,WM-983B,WM983B,WM983B_SKIN,0
ACH-000766,NCI-H1648,NCIH1648,NCIH1648_LUNG,687799
ACH-000767,NCI-H526,NCIH526,NCIH526_LUNG,688025
ACH-000768,MDA-MB-231,MDAMB231,MDAMB231_BREAST,905960
ACH-000770,P31/FUJ,P31FUJ,P31FUJ_HAEMATOPOIETIC_AND_LYMPHOID_TISSUE,909253
ACH-000771,BICR 56,BICR56,BICR56_UPPER_AERODIGESTIVE_TRACT,0
ACH-000772,TE 441.T,TE441T,TE441T_SOFT_TISSUE,924248
ACH-000773,Ki-JK,KIJK,KIJK_HAEMATOPOIETIC_AND_LYMPHOID_TISSUE,0
ACH-000774,RERF-LC-Ad2,RERFLCAD2,RERFLCAD2_LUNG,0
ACH-000775,NCI-H727,NCIH727,NCIH727_LUNG,724855
ACH-000776,ONS-76,ONS76,ONS76_CENTRAL_NERVOUS_SYSTEM,909248
ACH-000777,KYSE-30,KYSE30,KYSE30_OESOPHAGUS,0
ACH-000778,HSC-3,HSC3,HSC3_UPPER_AERODIGESTIVE_TRACT,907061
ACH-000780,NCI-H1105,NCIH1105,NCIH1105_LUNG,908468
ACH-000781,NCI-H2023,NCIH2023,NCIH2023_LUNG,1240187
ACH-000782,SEM,SEM,SEM_HAEMATOPOIETIC_AND_LYMPHOID_TISSUE,0
ACH-000783,CAMA-1,CAMA1,CAMA1_BREAST,946382
ACH-000784,KYSE-70,KYSE70,KYSE70_OESOPHAGUS,753576
ACH-000785,NCI-H2126,NCIH2126,NCIH2126_LUNG,0
ACH-000786,Daudi,DAUDI,DAUDI_HAEMATOPOIETIC_AND_LYMPHOID_TISSUE,906831
ACH-000787,LXF-289,LXF289,LXF289_LUNG,753592
ACH-000788,A2058,A2058,A2058_SKIN,906792
ACH-000789,NCI-H810,NCIH810,NCIH810_LUNG,925341
ACH-000790,SHP-77,SHP77,SHP77_LUNG,724872
ACH-000791,RERF-LC-Ad1,RERFLCAD1,RERFLCAD1_LUNG,0
ACH-000792,BFTC-909,BFTC909,BFTC909_KIDNEY,910698
ACH-000793,KATO III,KATOIII,KATOIII_STOMACH,907276
ACH-000794,BICR 22,BICR22,BICR22_UPPER_AERODIGESTIVE_TRACT,1240121
ACH-000796,MCAS,MCAS,MCAS_OVARY,0
ACH-000798,CL-40,CL40,CL40_LARGE_INTESTINE,0
ACH-000799,Hs 695T,HS695T,HS695T_SKIN,0
ACH-000800,NCI-H446,NCIH446,NCIH446_LUNG,688023
ACH-000802,BFTC-905,BFTC905,BFTC905_URINARY_TRACT,910926
ACH-000803,COLO 668,COLO668,COLO668_LUNG,910692
ACH-000804,NB-1,NB1,NB1_AUTONOMIC_GANGLIA,949179
ACH-000805,COLO-679,COLO679,COLO679_SKIN,906818
ACH-000806,L-540,L540,L540_HAEMATOPOIETIC_AND_LYMPHOID_TISSUE,907323
ACH-000807,SNU-738,SNU738,SNU738_CENTRAL_NERVOUS_SYSTEM,0
ACH-000810,SK-MEL-30,SKMEL30,SKMEL30_SKIN,909726
ACH-000811,SK-OV-3,SKOV3,SKOV3_OVARY,905959
ACH-000812,COLO-783,COLO783,COLO783_SKIN,1240125
ACH-000814,Hs 939.T,HS939T,HS939T_SKIN,1298144
ACH-000815,KM-H2,KMH2,KMH2_HAEMATOPOIETIC_AND_LYMPHOID_TISSUE,1298167
ACH-000816,NCI-H524,NCIH524,NCIH524_LUNG,908483
ACH-000817,RPMI 8226,RPMI8226,RPMI8226_HAEMATOPOIETIC_AND_LYMPHOID_TISSUE,905964
ACH-000818,BT-483,BT483,BT483_BREAST,949093
ACH-000820,SW403,SW403,SW403_LARGE_INTESTINE,0
ACH-000821,EJM,EJM,EJM_HAEMATOPOIETIC_AND_LYMPHOID_TISSUE,1297447
ACH-000822,SK-MEL-24,SKMEL24,SKMEL24_SKIN,909725
ACH-000823,KYSE-140,KYSE140,KYSE140_OESOPHAGUS,753573
ACH-000824,KYSE-510,KYSE510,KYSE510_OESOPHAGUS,907321
ACH-000825,HOP-92,HOP92,HOP92_LUNG,905973
ACH-000826,CAL-12T,CAL12T,CAL12T_LUNG,753540
ACH-000827,WM-793,WM793,WM793_SKIN,0
ACH-000828,ZR-75-30,ZR7530,ZR7530_BREAST,909907
ACH-000830,NCI-H1436,NCIH1436,NCIH1436_LUNG,908469
ACH-000831,HEC-50B,HEC50B,HEC50B_ENDOMETRIUM,0
ACH-000832,CAL 27,CAL27,CAL27_UPPER_AERODIGESTIVE_TRACT,910916
ACH-000833,RH-30,RH30,RH30_SOFT_TISSUE,0
ACH-000834,UM-UC-1,UMUC1,UMUC1_URINARY_TRACT,0
ACH-000835,GCT,GCT,GCT_SOFT_TISSUE,906999
ACH-000836,YD-15,YD15,YD15_SALIVARY_GLAND,0
ACH-000838,AMO-1,AMO1,AMO1_HAEMATOPOIETIC_AND_LYMPHOID_TISSUE,1295741
ACH-000839,SCaBER,SCABER,SCABER_URINARY_TRACT,0
ACH-000840,HCC-366,HCC366,HCC366_LUNG,1240144
ACH-000841,NCI-H2087,NCIH2087,NCIH2087_LUNG,724834
ACH-000842,SW 480,SW480,SW480_LARGE_INTESTINE,0
ACH-000843,HARA,HARA,HARA_LUNG,1240142
ACH-000844,DMS 454,DMS454,DMS454_LUNG,0
ACH-000846,FaDu,FADU,FADU_UPPER_AERODIGESTIVE_TRACT,906863
ACH-000847,HGC-27,HGC27,HGC27_STOMACH,907055
ACH-000849,MDA-MB-468,MDAMB468,MDAMB468_BREAST,908123
ACH-000851,MOR/CPR,MORCPR,MORCPR_LUNG,0
ACH-000852,NCI-H1435,NCIH1435,NCIH1435_LUNG,1298347
ACH-000853,NCI-H661,NCIH661,NCIH661_LUNG,687829
ACH-000855,KYSE-150,KYSE150,KYSE150_OESOPHAGUS,907317
ACH-000856,CAL-51,CAL51,CAL51_BREAST,910927
ACH-000857,CAL-85-1,CAL851,CAL851_BREAST,910852
ACH-000858,KNS-62,KNS62,KNS62_LUNG,753569
ACH-000859,HCC1954,HCC1954,HCC1954_BREAST,749709
ACH-000860,NCI-H358,NCIH358,NCIH358_LUNG,908465
ACH-000862,KMBC-2,KMBC2,KMBC2_URINARY_TRACT,0
ACH-000863,DBTRG-05MG,DBTRG05MG,DBTRG05MG_CENTRAL_NERVOUS_SYSTEM,906835
ACH-000864,COLO 684,COLO684,COLO684_ENDOMETRIUM,910691
ACH-000866,NCI-H1048,NCIH1048,NCIH1048_LUNG,687995
ACH-000867,ChaGo-K-1,CHAGOK1,CHAGOK1_LUNG,687596
ACH-000868,HCC-1195,HCC1195,HCC1195_LUNG,0
ACH-000869,NCI-H1568,NCIH1568,NCIH1568_LUNG,1298348
ACH-000871,NCI-H510,NCIH510,NCIH510_LUNG,0
ACH-000874,RS4;11,RS411,RS411_HAEMATOPOIETIC_AND_LYMPHOID_TISSUE,909703
ACH-000875,NCI-H2347,NCIH2347,NCIH2347_LUNG,687820
ACH-000876,MDA-MB-415,MDAMB415,MDAMB415_BREAST,924240
ACH-000877,EB1,EB1,EB1_HAEMATOPOIETIC_AND_LYMPHOID_TISSUE,0
ACH-000878,HCC-15,HCC15,HCC15_LUNG,1240143
ACH-000879,MFE-296,MFE296,MFE296_ENDOMETRIUM,908130
ACH-000880,AGS,AGS,AGS_STOMACH,906790
ACH-000881,MEL-JUSO,MELJUSO,MELJUSO_SKIN,908125
ACH-000882,IGR-1,IGR1,IGR1_SKIN,907169
ACH-000885,TOV-21G,TOV21G,TOV21G_OVARY,1240222
ACH-000886,NCI-H2009,NCIH2009,NCIH2009_LUNG,724873
ACH-000888,NCI-H1793,NCIH1793,NCIH1793_LUNG,908463
ACH-000889,KMM-1,KMM1,KMM1_HAEMATOPOIETIC_AND_LYMPHOID_TISSUE,0
ACH-000890,SW 1271,SW1271,SW1271_LUNG,1299062
ACH-000891,HCC-1438,HCC1438,HCC1438_LUNG,0
ACH-000893,NCI-H1651,NCIH1651,NCIH1651_LUNG,910900
ACH-000896,647-V,647V,647V_URINARY_TRACT,906797
ACH-000897,FTC-238,FTC238,FTC238_THYROID,0
ACH-000898,SNU-719,SNU719,SNU719_STOMACH,0
ACH-000900,NCI-H23,NCIH23,NCIH23_LUNG,905942
ACH-000901,HCC-1359,HCC1359,HCC1359_LUNG,0
ACH-000903,FTC-133,FTC133,FTC133_THYROID,906864
ACH-000905,5637,5637,5637_URINARY_TRACT,687452
ACH-000906,ES-2,ES2,ES2_OVARY,1240128
ACH-000910,MDA-MB-453,MDAMB453,MDAMB453_BREAST,908122
ACH-000911,NUGC-3,NUGC3,NUGC3_STOMACH,908455
ACH-000912,NCI-H2286,NCIH2286,NCIH2286_LUNG,0
ACH-000913,ESS-1,ESS1,ESS1_ENDOMETRIUM,907000
ACH-000914,HT,HT,HT_HAEMATOPOIETIC_AND_LYMPHOID_TISSUE,907063
ACH-000915,IPC-298,IPC298,IPC298_SKIN,907171
ACH-000917,TE-4,TE4,TE4_OESOPHAGUS,1503371
ACH-000918,MOLT-16,MOLT16,MOLT16_HAEMATOPOIETIC_AND_LYMPHOID_TISSUE,908147
ACH-000920,CML-T1,CMLT1,CMLT1_HAEMATOPOIETIC_AND_LYMPHOID_TISSUE,910951
ACH-000921,NCI-H157-DM,NCIH157DM,NCIH157DM_LUNG,0
ACH-000922,RCH-ACV,RCHACV,RCHACV_HAEMATOPOIETIC_AND_LYMPHOID_TISSUE,1330994
ACH-000923,BCP-1,BCP1,BCP1_HAEMATOPOIETIC_AND_LYMPHOID_TISSUE,0
ACH-000924,NCI-H2172,NCIH2172,NCIH2172_LUNG,1298353
ACH-000925,DV-90,DV90,DV90_LUNG,0
ACH-000927,BT-474,BT474,BT474_BREAST,946359
ACH-000929,NCI-H2110,NCIH2110,NCIH2110_LUNG,1298351
ACH-000930,HCC1569,HCC1569,HCC1569_BREAST,907046
ACH-000931,HMCB,HMCB,HMCB_SKIN,0
ACH-000932,SNU-1,SNU1,SNU1_STOMACH,908444
ACH-000933,SNU-324,SNU324,SNU324_PANCREAS,0
ACH-000934,MDA-MB-361,MDAMB361,MDAMB361_BREAST,908121
ACH-000935,MDST8,MDST8,MDST8_LARGE_INTESTINE,1240173
ACH-000936,EFO-27,EFO27,EFO27_OVARY,906852
ACH-000937,PF-382,PF382,PF382_HAEMATOPOIETIC_AND_LYMPHOID_TISSUE,909260
ACH-000938,NALM-6,NALM6,NALM6_HAEMATOPOIETIC_AND_LYMPHOID_TISSUE,908158
ACH-000939,SK-UT-1,SKUT1,SKUT1_SOFT_TISSUE,909732
ACH-000941,HEC-1-B,HEC1B,HEC1B_ENDOMETRIUM,0
ACH-000942,HPB-ALL,HPBALL,HPBALL_HAEMATOPOIETIC_AND_LYMPHOID_TISSUE,0
ACH-000943,RKO,RKO,RKO_LARGE_INTESTINE,909698
ACH-000944,NAMALWA,NAMALWA,NAMALWA_HAEMATOPOIETIC_AND_LYMPHOID_TISSUE,908159
ACH-000945,NCI-H650,NCIH650,NCIH650_LUNG,722066
ACH-000946,HEC-265,HEC265,HEC265_ENDOMETRIUM,0
ACH-000947,OVK18,OVK18,OVK18_OVARY,1480371
ACH-000948,23132/87,2313287,2313287_STOMACH,910924
ACH-000949,TGBC11TKB,TGBC11TKB,TGBC11TKB_STOMACH,909770
ACH-000950,LoVo,LOVO,LOVO_LARGE_INTESTINE,907790
ACH-000951,NCI-H2342,NCIH2342,NCIH2342_LUNG,687819
ACH-000953,SUP-T1,SUPT1,SUPT1_HAEMATOPOIETIC_AND_LYMPHOID_TISSUE,909743
ACH-000954,HEC-1-A,HEC1A,HEC1A_ENDOMETRIUM,0
ACH-000955,SNU-407,SNU407,SNU407_LARGE_INTESTINE,1660034
ACH-000956,22Rv1,22RV1,22RV1_PROSTATE,924100
ACH-000957,LS 180,LS180,LS180_LARGE_INTESTINE,998189
ACH-000958,SW48,SW48,SW48_LARGE_INTESTINE,909751
ACH-000959,SNU-C4,SNUC4,SNUC4_LARGE_INTESTINE,0
ACH-000960,Reh,REH,REH_HAEMATOPOIETIC_AND_LYMPHOID_TISSUE,909696
ACH-000963,CCK-81,CCK81,CCK81_LARGE_INTESTINE,1240123
ACH-000965,RL95-2,RL952,RL952_ENDOMETRIUM,930082
ACH-000966,IGROV1,IGROV1,IGROV1_OVARY,905968
ACH-000967,SNU-C2A,SNUC2A,SNUC2A_LARGE_INTESTINE,0
ACH-000968,COLO 792,COLO792,COLO792_SKIN,906814
ACH-000969,KM12,KM12,KM12_LARGE_INTESTINE,905989
ACH-000970,SNU-C5,SNUC5,SNUC5_LARGE_INTESTINE,1674021
ACH-000971,HCT 116,HCT116,HCT116_LARGE_INTESTINE,905936
ACH-000972,HEC-151,HEC151,HEC151_ENDOMETRIUM,0
ACH-000973,639-V,639V,639V_URINARY_TRACT,906798
ACH-000974,SNG-M,SNGM,SNGM_ENDOMETRIUM,909735
ACH-000976,HuCCT1,HUCCT1,HUCCT1_BILIARY_TRACT,907069
ACH-000978,EN,EN,EN_ENDOMETRIUM,1240127
ACH-000980,NCI-H1155,NCIH1155,NCIH1155_LUNG,908467
ACH-000981,DND-41,DND41,DND41_HAEMATOPOIETIC_AND_LYMPHOID_TISSUE,1297446
ACH-000982,GP2d,GP2D,GP2D_LARGE_INTESTINE,0
ACH-000983,KCL-22,KCL22,KCL22_HAEMATOPOIETIC_AND_LYMPHOID_TISSUE,1330931
ACH-000984,HEC-6,HEC6,HEC6_ENDOMETRIUM,0
ACH-000985,LS411N,LS411N,LS411N_LARGE_INTESTINE,907794
ACH-000986,HT115,HT115,HT115_LARGE_INTESTINE,907289
ACH-000987,MeWo,MEWO,MEWO_SKIN,908128
ACH-000989,SNU-175,SNU175,SNU175_LARGE_INTESTINE,1659928
ACH-000990,HEC-108,HEC108,HEC108_ENDOMETRIUM,0
ACH-000991,SNU-81,SNU81,SNU81_LARGE_INTESTINE,1660036
ACH-000994,HEC-59,HEC59,HEC59_ENDOMETRIUM,0
ACH-000995,JURKAT,JURKAT,JURKAT_HAEMATOPOIETIC_AND_LYMPHOID_TISSUE,998184
ACH-000996,HEC-251,HEC251,HEC251_ENDOMETRIUM,0
ACH-000997,HCT-15,HCT15,HCT15_LARGE_INTESTINE,905937
ACH-000998,CW-2,CW2,CW2_LARGE_INTESTINE,910554
ACH-000999,SNU-1040,SNU1040,SNU1040_LARGE_INTESTINE,1659823
ACH-001016,Becker,BECKER,BECKER_CENTRAL_NERVOUS_SYSTEM,906746
ACH-001048,COV504,COV504,COV504_OVARY,0
ACH-001075,NCI-H292,NCIH292,NCIH292_LUNG,753604
ACH-001106,KOPN-8,KOPN8,KOPN8_HAEMATOPOIETIC_AND_LYMPHOID_TISSUE,1330933
ACH-001129,MONO-MAC-1,MONOMAC1,MONOMAC1_HAEMATOPOIETIC_AND_LYMPHOID_TISSUE,0
ACH-001190,SK-MEL-2,SKMEL2,SKMEL2_SKIN,905955
ACH-001239,WM-266-4,WM2664,WM2664_SKIN,0
ACH-001306,8305C,8305C,8305C_THYROID,906795
ACH-001307,8505C,8505C,8505C_THYROID,924102
ACH-001318,PLC/PRF/5,PLCPRF5,PLCPRF5_LIVER,0
ACH-001321,TT,TT,TT_THYROID,1299064
